Department,Day,Patients Allocated,Supplementary Beds Used
Internal Medicine,Monday,25,1
Internal Medicine,Tuesday,20,0
Internal Medicine,Wednesday,20,0
Internal Medicine,Thursday,25,1
Internal Medicine,Friday,20,0
Internal Medicine,Saturday,20,0
Internal Medicine,Sunday,20,0
Surgery,Monday,20,1
Surgery,Tuesday,20,1
Surgery,Wednesday,20,1
Surgery,Thursday,20,1
Surgery,Friday,20,1
Surgery,Saturday,20,1
Surgery,Sunday,20,1
Pediatrics,Monday,25,1
Pediatrics,Tuesday,25,1
Pediatrics,Wednesday,25,1
Pediatrics,Thursday,25,1
Pediatrics,Friday,25,1
Pediatrics,Saturday,25,1
Pediatrics,Sunday,25,1
